{
"lengthUnit": "mil",
"components": {
	"fields": ["COMPONENT_NO", "COMPONENT_NAME", "LAYER", "X_COORDINATE", "Y_COORDINATE", "ANGLE"],
	"rows": [
		[1, "3.3V", "T", 1905, -410, 0],
		[2, "5V", "T", 1910, -505, 0],
		[3, "C2", "T", 550, -175, 180],
		[4, "C3", "B", 325, -125, 0],
		[5, "C7", "B", 355, -405, 270],
		[6, "C8", "B", 270, -405, 270],
		[7, "C9", "B", 325, -45, 0],
		[8, "C11", "B", 1230, -310, 90],
		[9, "C12", "B", 945, -160, 0],
		[10, "C13", "B", 1275, -175, 0],
		[11, "C14", "B", 965, -530, 270],
		[12, "C17", "B", 540, -240, 180],
		[13, "C18", "T", 1610, -225, 270],
		[14, "C19", "T", 1615, -490, 90],
		[15, "D1", "T", 555, -505, 224],
		[16, "D13", "T", 330, -675, 0],
		[17, "Q1", "B", 695, -545, 0],
		[18, "R1", "T", 560, -310, 0],
		[19, "R2", "T", 565, -400, 0],
		[20, "R3", "T", 340, -100, 180],
		[21, "R4", "B", 795, -350, 0],
		[22, "R6", "B", 305, -275, 0],
		[23, "R8", "B", 1205, -570, 0],
		[24, "R9", "B", 1210, -475, 0],
		[25, "R15", "B", 1740, -550, 180],
		[26, "R16", "B", 1910, -140, 180],
		[27, "R17", "B", 1320, -535, 270],
		[28, "R18", "B", 1755, -140, 180],
		[29, "R19", "B", 1740, -225, 0],
		[30, "R20", "T", 330, -590, 180],
		[31, "R21", "B", 815, -480, 270],
		[32, "RX", "T", 1910, -230, 0],
		[33, "SW1", "T", 1720, -380, 90],
		[34, "TX", "T", 1910, -320, 0],
		[35, "U1", "T", 1150, -345, 90],
		[36, "U2", "T", 790, -350, 270],
		[37, "U3", "B", 1100, -285, 90],
		[38, "U4", "B", 335, -625, 90],
		[39, "U5", "T", 415, -15, 0],
		[40, "USBC1", "T", 370, -355, 270],
		[41, "X1", "T", 1485, -345, 90]
	]
},
"pins": {
	"fields": ["PIN_NO", "PIN_NAME", "PIN_X", "PIN_Y", "LAYER", "PIN_TYPE", "NET_NAME", "NET_TYPE", "PAD_SHAPE", "PAD_SIZEX", "PAD_SIZEY", "HOLE_SIZE", "PAD_ANGLE"],
	"rows": [
		[1, "3.3V_1", 1861.69, -410, "T", "SMD", "$1N3915", "", "R", 39.37, 49.21, 0, 180],
		[2, "3.3V_2", 1948.31, -410, "T", "SMD", "3.3V", "", "R", 39.37, 49.21, 0, 180],
		[3, "5V_1", 1866.69, -505, "T", "SMD", "$1N3228", "", "R", 39.37, 49.21, 0, 180],
		[4, "5V_2", 1953.31, -505, "T", "SMD", "+5V", "", "R", 39.37, 49.21, 0, 180],
		[5, "C2_1", 589.37, -175, "T", "SMD", "GND", "GND", "R", 55.51, 53.15, 0, 180],
		[6, "C2_2", 510.63, -175, "T", "SMD", "$1N1313", "", "R", 55.51, 53.15, 0, 180],
		[7, "C3_1", 285.63, -125, "B", "SMD", "GND", "GND", "R", 55.51, 53.15, 0, 0],
		[8, "C3_2", 364.37, -125, "B", "SMD", "$1N9876", "", "R", 55.51, 53.15, 0, 0],
		[9, "C7_1", 355, -365.63, "B", "SMD", "+5V", "", "R", 55.51, 53.15, 0, 270],
		[10, "C7_2", 355, -444.37, "B", "SMD", "GND", "GND", "R", 55.51, 53.15, 0, 270],
		[11, "C8_1", 270, -365.63, "B", "SMD", "3.3V", "", "R", 55.51, 53.15, 0, 270],
		[12, "C8_2", 270, -444.37, "B", "SMD", "GND", "GND", "R", 55.51, 53.15, 0, 270],
		[13, "C9_1", 285.63, -45, "B", "SMD", "GND", "GND", "R", 55.51, 53.15, 0, 0],
		[14, "C9_2", 364.37, -45, "B", "SMD", "+5V", "", "R", 55.51, 53.15, 0, 0],
		[15, "C11_1", 1230, -349.37, "B", "SMD", "GND", "GND", "R", 55.51, 53.15, 0, 90],
		[16, "C11_2", 1230, -270.63, "B", "SMD", "VIN", "", "R", 55.51, 53.15, 0, 90],
		[17, "C12_1", 905.63, -160, "B", "SMD", "GND", "GND", "R", 55.51, 53.15, 0, 0],
		[18, "C12_2", 984.37, -160, "B", "SMD", "AREF", "", "R", 55.51, 53.15, 0, 0],
		[19, "C13_1", 1235.63, -175, "B", "SMD", "+5V", "", "R", 55.51, 53.15, 0, 0],
		[20, "C13_2", 1314.37, -175, "B", "SMD", "GND", "GND", "R", 55.51, 53.15, 0, 0],
		[21, "C14_1", 965, -490.63, "B", "SMD", "DTR", "", "R", 55.51, 53.15, 0, 270],
		[22, "C14_2", 965, -569.37, "B", "SMD", "RST", "", "R", 55.51, 53.15, 0, 270],
		[23, "C17_1", 579.37, -240, "B", "SMD", "+5V", "", "R", 55.51, 53.15, 0, 180],
		[24, "C17_2", 500.63, -240, "B", "SMD", "GND", "GND", "R", 55.51, 53.15, 0, 180],
		[25, "C18_1", 1610, -185.63, "T", "SMD", "GND", "GND", "R", 55.51, 53.15, 0, 270],
		[26, "C18_2", 1610, -264.37, "T", "SMD", "$1N5434", "", "R", 55.51, 53.15, 0, 270],
		[27, "C19_1", 1615, -529.37, "T", "SMD", "GND", "GND", "R", 55.51, 53.15, 0, 90],
		[28, "C19_2", 1615, -450.63, "T", "SMD", "$1N5436", "", "R", 55.51, 53.15, 0, 90],
		[29, "D1_1", 602.93, -458.71, "T", "SMD", "+5V", "", "R", 37.4, 45.28, 0, 224],
		[30, "D1_2", 507.07, -551.29, "T", "SMD", "$1N9876", "", "R", 37.4, 45.28, 0, 224],
		[31, "D13_1", 286.69, -675, "T", "SMD", "$1N18043", "", "R", 39.37, 49.21, 0, 180],
		[32, "D13_2", 373.31, -675, "T", "SMD", "+5V", "", "R", 39.37, 49.21, 0, 180],
		[33, "Q1_1", 743.63, -507.6, "B", "SMD", "D13", "", "R", 42.13, 23.62, 0, 0],
		[34, "Q1_2", 743.62, -582.4, "B", "SMD", "GND", "GND", "R", 42.13, 23.62, 0, 0],
		[35, "Q1_3", 646.38, -545, "B", "SMD", "$1N18048", "", "R", 42.13, 23.62, 0, 0],
		[36, "R1_1", 530.34, -310, "T", "SMD", "DP", "", "R", 31.75, 34.02, 0, 0],
		[37, "R1_2", 589.66, -310, "T", "SMD", "$1N1715", "", "R", 31.75, 34.02, 0, 0],
		[38, "R2_1", 535.34, -400, "T", "SMD", "DN", "", "R", 31.75, 34.02, 0, 0],
		[39, "R2_2", 594.66, -400, "T", "SMD", "$1N1721", "", "R", 31.75, 34.02, 0, 0],
		[40, "R3_1", 369.66, -100, "T", "SMD", "$1N9887", "", "R", 31.75, 34.02, 0, 180],
		[41, "R3_2", 310.34, -100, "T", "SMD", "GND", "GND", "R", 31.75, 34.02, 0, 180],
		[42, "R4_1", 765.34, -350, "B", "SMD", "$1N1871", "", "R", 31.75, 34.02, 0, 0],
		[43, "R4_2", 824.66, -350, "B", "SMD", "GND", "GND", "R", 31.75, 34.02, 0, 0],
		[44, "R6_1", 265.63, -275, "B", "SMD", "GND", "GND", "R", 44.59, 54.21, 0, 0],
		[45, "R6_2", 344.37, -275, "B", "SMD", "+5V", "", "R", 44.59, 54.21, 0, 0],
		[46, "R8_1", 1165.63, -570, "B", "SMD", "GND", "GND", "R", 44.59, 54.21, 0, 0],
		[47, "R8_2", 1244.37, -570, "B", "SMD", "$1N3915", "", "R", 44.59, 54.21, 0, 0],
		[48, "R9_1", 1170.63, -475, "B", "SMD", "GND", "GND", "R", 44.59, 54.21, 0, 0],
		[49, "R9_2", 1249.37, -475, "B", "SMD", "$1N3228", "", "R", 44.59, 54.21, 0, 0],
		[50, "R15_1", 1779.37, -550, "B", "SMD", "$1N16487", "", "R", 44.59, 54.21, 0, 180],
		[51, "R15_2", 1700.63, -550, "B", "SMD", "+5V", "", "R", 44.59, 54.21, 0, 180],
		[52, "R16_1", 1949.37, -140, "B", "SMD", "$1N8589", "", "R", 44.59, 54.21, 0, 180],
		[53, "R16_2", 1870.63, -140, "B", "SMD", "+5V", "", "R", 44.59, 54.21, 0, 180],
		[54, "R17_1", 1320, -495.63, "B", "SMD", "TX1", "", "R", 44.59, 54.21, 0, 270],
		[55, "R17_2", 1320, -574.37, "B", "SMD", "$1N4616", "", "R", 44.59, 54.21, 0, 270],
		[56, "R18_1", 1794.37, -140, "B", "SMD", "RX0", "", "R", 44.59, 54.21, 0, 180],
		[57, "R18_2", 1715.63, -140, "B", "SMD", "$1N4614", "", "R", 44.59, 54.21, 0, 180],
		[58, "R19_1", 1700.63, -225, "B", "SMD", "RST", "", "R", 44.59, 54.21, 0, 0],
		[59, "R19_2", 1779.37, -225, "B", "SMD", "+5V", "", "R", 44.59, 54.21, 0, 0],
		[60, "R20_1", 369.37, -590, "T", "SMD", "$1N18048", "", "R", 44.59, 54.21, 0, 180],
		[61, "R20_2", 290.63, -590, "T", "SMD", "$1N18043", "", "R", 44.59, 54.21, 0, 180],
		[62, "R21_1", 815, -440.63, "B", "SMD", "D13", "", "R", 44.59, 54.21, 0, 270],
		[63, "R21_2", 815, -519.37, "B", "SMD", "GND", "GND", "R", 44.59, 54.21, 0, 270],
		[64, "RX_1", 1866.69, -230, "T", "SMD", "RX0", "", "R", 39.37, 49.21, 0, 180],
		[65, "RX_2", 1953.31, -230, "T", "SMD", "$1N8589", "", "R", 39.37, 49.21, 0, 180],
		[66, "SW1_1", 1720, -466.02, "T", "SMD", "GND", "GND", "R", 48.42, 53.54, 0, 90],
		[67, "SW1_2", 1720, -293.98, "T", "SMD", "RST", "", "R", 48.42, 53.54, 0, 90],
		[68, "TX_1", 1866.69, -320, "T", "SMD", "TX1", "", "R", 39.37, 49.21, 0, 180],
		[69, "TX_2", 1953.31, -320, "T", "SMD", "$1N16487", "", "R", 39.37, 49.21, 0, 180],
		[70, "U1_1", 1322, -455.24, "T", "SMD", "D3", "", "O", 17.72, 64.96, 0, 90],
		[71, "U1_2", 1322, -423.74, "T", "SMD", "D4", "", "O", 17.72, 64.96, 0, 90],
		[72, "U1_3", 1322, -392.24, "T", "SMD", "GND", "GND", "O", 17.72, 64.96, 0, 90],
		[73, "U1_4", 1322, -360.75, "T", "SMD", "+5V", "", "O", 17.72, 64.96, 0, 90],
		[74, "U1_5", 1322, -329.25, "T", "SMD", "GND", "GND", "O", 17.72, 64.96, 0, 90],
		[75, "U1_6", 1322, -297.76, "T", "SMD", "+5V", "", "O", 17.72, 64.96, 0, 90],
		[76, "U1_7", 1322, -266.26, "T", "SMD", "$1N5436", "", "O", 17.72, 64.96, 0, 90],
		[77, "U1_8", 1322, -234.76, "T", "SMD", "$1N5434", "", "O", 17.72, 64.96, 0, 90],
		[78, "U1_9", 1260.24, -172.5, "T", "SMD", "D5", "", "O", 64.96, 17.72, 0, 90],
		[79, "U1_10", 1228.74, -172.5, "T", "SMD", "D6", "", "O", 64.96, 17.72, 0, 90],
		[80, "U1_11", 1197.24, -172.5, "T", "SMD", "D7", "", "O", 64.96, 17.72, 0, 90],
		[81, "U1_12", 1165.75, -172.5, "T", "SMD", "D8", "", "O", 64.96, 17.72, 0, 90],
		[82, "U1_13", 1134.25, -172.5, "T", "SMD", "D9", "", "O", 64.96, 17.72, 0, 90],
		[83, "U1_14", 1102.76, -172.5, "T", "SMD", "D10", "", "O", 64.96, 17.72, 0, 90],
		[84, "U1_15", 1071.26, -172.5, "T", "SMD", "D11", "", "O", 64.96, 17.72, 0, 90],
		[85, "U1_16", 1039.76, -172.5, "T", "SMD", "D12", "", "O", 64.96, 17.72, 0, 90],
		[86, "U1_17", 978, -234.76, "T", "SMD", "D13", "", "O", 17.72, 64.96, 0, 90],
		[87, "U1_18", 978, -266.26, "T", "SMD", "+5V", "", "O", 17.72, 64.96, 0, 90],
		[88, "U1_19", 978, -297.76, "T", "SMD", "A6", "", "O", 17.72, 64.96, 0, 90],
		[89, "U1_20", 978, -329.25, "T", "SMD", "AREF", "", "O", 17.72, 64.96, 0, 90],
		[90, "U1_21", 978, -360.75, "T", "SMD", "GND", "GND", "O", 17.72, 64.96, 0, 90],
		[91, "U1_22", 978, -392.24, "T", "SMD", "A7", "", "O", 17.72, 64.96, 0, 90],
		[92, "U1_23", 978, -423.74, "T", "SMD", "A0", "", "O", 17.72, 64.96, 0, 90],
		[93, "U1_24", 978, -455.24, "T", "SMD", "A1", "", "O", 17.72, 64.96, 0, 90],
		[94, "U1_25", 1039.76, -517.5, "T", "SMD", "A2", "", "O", 64.96, 17.72, 0, 90],
		[95, "U1_26", 1071.26, -517.5, "T", "SMD", "A3", "", "O", 64.96, 17.72, 0, 90],
		[96, "U1_27", 1102.76, -517.5, "T", "SMD", "A4", "", "O", 64.96, 17.72, 0, 90],
		[97, "U1_28", 1134.25, -517.5, "T", "SMD", "A5", "", "O", 64.96, 17.72, 0, 90],
		[98, "U1_29", 1165.75, -517.5, "T", "SMD", "RST", "", "O", 64.96, 17.72, 0, 90],
		[99, "U1_30", 1197.24, -517.5, "T", "SMD", "$1N4614", "", "O", 64.96, 17.72, 0, 90],
		[100, "U1_31", 1228.74, -517.5, "T", "SMD", "$1N4616", "", "O", 64.96, 17.72, 0, 90],
		[101, "U1_32", 1260.24, -517.5, "T", "SMD", "D2", "", "O", 64.96, 17.72, 0, 90],
		[102, "U2_1", 676.91, -175, "T", "SMD", "GND", "GND", "O", 22.05, 68.7, 0, 270],
		[103, "U2_2", 676.91, -225, "T", "SMD", "RX0", "", "O", 22.05, 68.7, 0, 270],
		[104, "U2_3", 676.91, -275, "T", "SMD", "TX1", "", "O", 22.05, 68.7, 0, 270],
		[105, "U2_4", 676.91, -325, "T", "SMD", "$1N1313", "", "O", 22.05, 68.7, 0, 270],
		[106, "U2_5", 676.91, -375, "T", "SMD", "$1N1715", "", "O", 22.05, 68.7, 0, 270],
		[107, "U2_6", 676.91, -425, "T", "SMD", "$1N1721", "", "O", 22.05, 68.7, 0, 270],
		[108, "U2_7", 676.91, -475, "T", "SMD", "U2_7", "", "O", 22.05, 68.7, 0, 270],
		[109, "U2_8", 676.91, -525, "T", "SMD", "U2_8", "", "O", 22.05, 68.7, 0, 270],
		[110, "U2_9", 903.09, -525, "T", "SMD", "U2_9", "", "O", 22.05, 68.7, 0, 270],
		[111, "U2_10", 903.09, -475, "T", "SMD", "U2_10", "", "O", 22.05, 68.7, 0, 270],
		[112, "U2_11", 903.09, -425, "T", "SMD", "U2_11", "", "O", 22.05, 68.7, 0, 270],
		[113, "U2_12", 903.09, -375, "T", "SMD", "U2_12", "", "O", 22.05, 68.7, 0, 270],
		[114, "U2_13", 903.09, -325, "T", "SMD", "DTR", "", "O", 22.05, 68.7, 0, 270],
		[115, "U2_14", 903.09, -275, "T", "SMD", "U2_14", "", "O", 22.05, 68.7, 0, 270],
		[116, "U2_15", 903.09, -225, "T", "SMD", "U2_15", "", "O", 22.05, 68.7, 0, 270],
		[117, "U2_16", 903.09, -175, "T", "SMD", "+5V", "", "O", 22.05, 68.7, 0, 270],
		[118, "U3_1", 1040.94, -231.6, "B", "SMD", "+5V", "", "R", 62.01, 26.46, 0, 90],
		[119, "U3_2", 1099.99, -338.39, "B", "SMD", "GND", "GND", "P", 74.8, 211.68, 0, 90],
		[120, "U3_3", 1159.06, -231.6, "B", "SMD", "VIN", "", "R", 62.01, 26.46, 0, 90],
		[121, "U4_1", 289.58, -662.4, "B", "SMD", "+5V", "", "R", 19.29, 45.55, 0, 90],
		[122, "U4_2", 289.58, -625, "B", "SMD", "GND", "GND", "R", 19.29, 45.55, 0, 90],
		[123, "U4_3", 289.58, -587.6, "B", "SMD", "+5V", "", "R", 19.29, 45.55, 0, 90],
		[124, "U4_4", 380.42, -587.6, "B", "SMD", "U4_4", "", "R", 19.29, 46.26, 0, 90],
		[125, "U4_5", 380.42, -662.4, "B", "SMD", "3.3V", "", "R", 19.29, 46.26, 0, 90],
		[126, "U5_1", 475, -655, "T", "DIP", "D13", "", "C", 62.99, 62.99, 35.43, 0],
		[127, "U5_1", 475, -655, "B", "DIP", "D13", "", "C", 62.99, 62.99, 35.43, 0],
		[128, "U5_2", 575, -655, "T", "DIP", "3.3V", "", "C", 62.99, 62.99, 35.43, 0],
		[129, "U5_2", 575, -655, "B", "DIP", "3.3V", "", "C", 62.99, 62.99, 35.43, 0],
		[130, "U5_3", 675, -655, "T", "DIP", "AREF", "", "C", 62.99, 62.99, 35.43, 0],
		[131, "U5_3", 675, -655, "B", "DIP", "AREF", "", "C", 62.99, 62.99, 35.43, 0],
		[132, "U5_4", 775, -655, "T", "DIP", "A0", "", "C", 62.99, 62.99, 35.43, 0],
		[133, "U5_4", 775, -655, "B", "DIP", "A0", "", "C", 62.99, 62.99, 35.43, 0],
		[134, "U5_5", 875, -655, "T", "DIP", "A1", "", "C", 62.99, 62.99, 35.43, 0],
		[135, "U5_5", 875, -655, "B", "DIP", "A1", "", "C", 62.99, 62.99, 35.43, 0],
		[136, "U5_6", 975, -655, "T", "DIP", "A2", "", "C", 62.99, 62.99, 35.43, 0],
		[137, "U5_6", 975, -655, "B", "DIP", "A2", "", "C", 62.99, 62.99, 35.43, 0],
		[138, "U5_7", 1075, -655, "T", "DIP", "A3", "", "C", 62.99, 62.99, 35.43, 0],
		[139, "U5_7", 1075, -655, "B", "DIP", "A3", "", "C", 62.99, 62.99, 35.43, 0],
		[140, "U5_8", 1175, -655, "T", "DIP", "A4", "", "C", 62.99, 62.99, 35.43, 0],
		[141, "U5_8", 1175, -655, "B", "DIP", "A4", "", "C", 62.99, 62.99, 35.43, 0],
		[142, "U5_9", 1275, -655, "T", "DIP", "A5", "", "C", 62.99, 62.99, 35.43, 0],
		[143, "U5_9", 1275, -655, "B", "DIP", "A5", "", "C", 62.99, 62.99, 35.43, 0],
		[144, "U5_10", 1375, -655, "T", "DIP", "A6", "", "C", 62.99, 62.99, 35.43, 0],
		[145, "U5_10", 1375, -655, "B", "DIP", "A6", "", "C", 62.99, 62.99, 35.43, 0],
		[146, "U5_11", 1475, -655, "T", "DIP", "A7", "", "C", 62.99, 62.99, 35.43, 0],
		[147, "U5_11", 1475, -655, "B", "DIP", "A7", "", "C", 62.99, 62.99, 35.43, 0],
		[148, "U5_12", 1575, -655, "T", "DIP", "+5V", "", "C", 62.99, 62.99, 35.43, 0],
		[149, "U5_12", 1575, -655, "B", "DIP", "+5V", "", "C", 62.99, 62.99, 35.43, 0],
		[150, "U5_13", 1675, -655, "T", "DIP", "RST", "", "C", 62.99, 62.99, 35.43, 0],
		[151, "U5_13", 1675, -655, "B", "DIP", "RST", "", "C", 62.99, 62.99, 35.43, 0],
		[152, "U5_14", 1775, -655, "T", "DIP", "GND", "GND", "C", 62.99, 62.99, 35.43, 0],
		[153, "U5_14", 1775, -655, "B", "DIP", "GND", "GND", "C", 62.99, 62.99, 35.43, 0],
		[154, "U5_15", 1875, -655, "T", "DIP", "VIN", "", "R", 62.99, 62.99, 35.43, 0],
		[155, "U5_15", 1875, -655, "B", "DIP", "VIN", "", "R", 62.99, 62.99, 35.43, 0],
		[156, "U5_16", 1875, -55, "T", "DIP", "TX1", "", "R", 62.99, 62.99, 35.43, 0],
		[157, "U5_16", 1875, -55, "B", "DIP", "TX1", "", "R", 62.99, 62.99, 35.43, 0],
		[158, "U5_17", 1775, -55, "T", "DIP", "RX0", "", "C", 62.99, 62.99, 35.43, 0],
		[159, "U5_17", 1775, -55, "B", "DIP", "RX0", "", "C", 62.99, 62.99, 35.43, 0],
		[160, "U5_18", 1675, -55, "T", "DIP", "RST", "", "C", 62.99, 62.99, 35.43, 0],
		[161, "U5_18", 1675, -55, "B", "DIP", "RST", "", "C", 62.99, 62.99, 35.43, 0],
		[162, "U5_19", 1575, -55, "T", "DIP", "GND", "GND", "C", 62.99, 62.99, 35.43, 0],
		[163, "U5_19", 1575, -55, "B", "DIP", "GND", "GND", "C", 62.99, 62.99, 35.43, 0],
		[164, "U5_20", 1475, -55, "T", "DIP", "D2", "", "C", 62.99, 62.99, 35.43, 0],
		[165, "U5_20", 1475, -55, "B", "DIP", "D2", "", "C", 62.99, 62.99, 35.43, 0],
		[166, "U5_21", 1375, -55, "T", "DIP", "D3", "", "C", 62.99, 62.99, 35.43, 0],
		[167, "U5_21", 1375, -55, "B", "DIP", "D3", "", "C", 62.99, 62.99, 35.43, 0],
		[168, "U5_22", 1275, -55, "T", "DIP", "D4", "", "C", 62.99, 62.99, 35.43, 0],
		[169, "U5_22", 1275, -55, "B", "DIP", "D4", "", "C", 62.99, 62.99, 35.43, 0],
		[170, "U5_23", 1175, -55, "T", "DIP", "D5", "", "C", 62.99, 62.99, 35.43, 0],
		[171, "U5_23", 1175, -55, "B", "DIP", "D5", "", "C", 62.99, 62.99, 35.43, 0],
		[172, "U5_24", 1075, -55, "T", "DIP", "D6", "", "C", 62.99, 62.99, 35.43, 0],
		[173, "U5_24", 1075, -55, "B", "DIP", "D6", "", "C", 62.99, 62.99, 35.43, 0],
		[174, "U5_25", 975, -55, "T", "DIP", "D7", "", "C", 62.99, 62.99, 35.43, 0],
		[175, "U5_25", 975, -55, "B", "DIP", "D7", "", "C", 62.99, 62.99, 35.43, 0],
		[176, "U5_26", 875, -55, "T", "DIP", "D8", "", "C", 62.99, 62.99, 35.43, 0],
		[177, "U5_26", 875, -55, "B", "DIP", "D8", "", "C", 62.99, 62.99, 35.43, 0],
		[178, "U5_27", 775, -55, "T", "DIP", "D9", "", "C", 62.99, 62.99, 35.43, 0],
		[179, "U5_27", 775, -55, "B", "DIP", "D9", "", "C", 62.99, 62.99, 35.43, 0],
		[180, "U5_28", 675, -55, "T", "DIP", "D10", "", "C", 62.99, 62.99, 35.43, 0],
		[181, "U5_28", 675, -55, "B", "DIP", "D10", "", "C", 62.99, 62.99, 35.43, 0],
		[182, "U5_29", 575, -55, "T", "DIP", "D11", "", "C", 62.99, 62.99, 35.43, 0],
		[183, "U5_29", 575, -55, "B", "DIP", "D11", "", "C", 62.99, 62.99, 35.43, 0],
		[184, "U5_30", 475, -55, "T", "DIP", "D12", "", "C", 62.99, 62.99, 35.43, 0],
		[185, "U5_30", 475, -55, "B", "DIP", "D12", "", "C", 62.99, 62.99, 35.43, 0],
		[186, "USBC1_0", 437.16, -184.72, "T", "DIP", "GND", "GND", "O", 47.24, 78.74, 62.99, 270],
		[187, "USBC1_0", 437.16, -184.72, "B", "DIP", "GND", "GND", "O", 47.24, 78.74, 62.99, 270],
		[188, "USBC1_1", 437.16, -525.28, "T", "DIP", "GND", "GND", "O", 47.24, 78.74, 62.99, 270],
		[189, "USBC1_1", 437.16, -525.28, "B", "DIP", "GND", "GND", "O", 47.24, 78.74, 62.99, 270],
		[190, "USBC1_2", 272.6, -525.28, "T", "DIP", "GND", "GND", "O", 47.24, 70.87, 55.12, 270],
		[191, "USBC1_2", 272.6, -525.28, "B", "DIP", "GND", "GND", "O", 47.24, 70.87, 55.12, 270],
		[192, "USBC1_3", 272.6, -184.72, "T", "DIP", "GND", "GND", "O", 47.24, 70.87, 55.12, 270],
		[193, "USBC1_3", 272.6, -184.72, "B", "DIP", "GND", "GND", "O", 47.24, 70.87, 55.12, 270],
		[194, "USBC1_A1", 467.41, -223.11, "T", "SMD", "GND", "GND", "R", 11.81, 51.18, 0, 270],
		[195, "USBC1_A12", 467.41, -486.89, "T", "SMD", "GND", "GND", "R", 11.81, 51.18, 0, 270],
		[196, "USBC1_A4", 467.41, -254.61, "T", "SMD", "$1N9876", "", "R", 11.81, 51.18, 0, 270],
		[197, "USBC1_A5", 467.41, -305.79, "T", "SMD", "$1N9887", "", "R", 11.81, 51.18, 0, 270],
		[198, "USBC1_A6", 467.41, -345.16, "T", "SMD", "DP", "", "R", 11.81, 51.18, 0, 270],
		[199, "USBC1_A7", 467.41, -364.84, "T", "SMD", "DN", "", "R", 11.81, 51.18, 0, 270],
		[200, "USBC1_A8", 467.41, -404.2, "T", "SMD", "USBC1_A8", "", "R", 11.81, 51.18, 0, 270],
		[201, "USBC1_B1", 467.41, -475.08, "T", "SMD", "GND", "GND", "R", 11.81, 51.18, 0, 270],
		[202, "USBC1_B12", 467.41, -234.92, "T", "SMD", "GND", "GND", "R", 11.81, 51.18, 0, 270],
		[203, "USBC1_B4", 467.41, -443.58, "T", "SMD", "$1N9876", "", "R", 11.81, 51.18, 0, 270],
		[204, "USBC1_B4", 467.41, -455.4, "T", "SMD", "$1N9876", "", "R", 11.81, 51.18, 0, 270],
		[205, "USBC1_B5", 467.41, -423.9, "T", "SMD", "$1N1871", "", "R", 11.81, 51.18, 0, 270],
		[206, "USBC1_B6", 467.41, -384.53, "T", "SMD", "DP", "", "R", 11.81, 51.18, 0, 270],
		[207, "USBC1_B7", 467.41, -325.47, "T", "SMD", "DN", "", "R", 11.81, 51.18, 0, 270],
		[208, "USBC1_B8", 467.41, -286.1, "T", "SMD", "USBC1_B8", "", "R", 11.81, 51.18, 0, 270],
		[209, "USBC1_B9", 467.41, -266.42, "T", "SMD", "$1N9876", "", "R", 11.81, 51.18, 0, 270],
		[210, "X1_1", 1485, -441.06, "T", "DIP", "$1N5436", "", "R", 59.05, 59.05, 35.43, 90],
		[211, "X1_1", 1485, -441.06, "B", "DIP", "$1N5436", "", "R", 59.05, 59.05, 35.43, 90],
		[212, "X1_2", 1485, -248.94, "T", "DIP", "$1N5434", "", "C", 59.05, 59.05, 35.43, 90],
		[213, "X1_2", 1485, -248.94, "B", "DIP", "$1N5434", "", "C", 59.05, 59.05, 35.43, 90]
	]
}
}